AI Application Area,Description,Impact Score (1-10),AI Efficiency Improvement (%),Resource Savings (Metric Tons),Cost Reduction ($ Million),Carbon Footprint Reduction (CO2 Tons),AI Adoption Rate (%),Implementation Cost ($ Million),ROI (Years),Automation Level (%),Public Awareness Score (1-10),Regulatory Support Level (1-10)
Environmental Monitoring,AI analyzes environmental data to track pollution and biodiversity changes.,6,24.005542832939174,7351.138743653523,40.25667218820443,3894.8698458569925,89.0331818798908,94.48971087858614,8.067097828438015,76.20688142082913,6,3
Energy Efficiency,AI optimizes energy consumption in grids and buildings to reduce waste.,10,20.422567236236034,6203.822147645834,7.493875757965027,9565.519220930715,66.41223447045795,32.979716287997746,1.0824178271907,78.95356262112168,5,4
Resource Management,"AI assists in responsible allocation of water, minerals, and other resources.",8,19.988313439486014,7100.620282444937,31.637216042562624,3839.5729093418213,43.02104655799195,37.04114101847174,7.324771928449572,61.06866615337337,10,7
Disaster Prediction,AI predicts natural disasters such as hurricanes and wildfires.,8,13.096661694301215,8715.652770722725,37.751942396619526,8695.24701894673,49.08152445935128,15.220162953720841,4.9448444652201164,87.21850143420545,4,6
Climate Modeling,AI aids in climate simulations for better forecasting of global warming trends.,6,10.049884450941335,8584.72292305659,12.940847525834082,887.4699445252414,70.3122391401595,14.61888781049225,1.0924769813414783,93.73205728923968,10,7
Sustainable Agriculture,"AI improves farming techniques, reducing water usage and maximizing yield.",8,42.198474597652734,3351.8366189766293,19.88702894433083,3889.4697899505036,60.16693463604509,90.44131739404489,2.2214656757123548,54.57465741861621,4,7
Smart Cities,AI enhances urban planning to reduce traffic congestion and emissions.,6,34.45116829943255,4025.6878828385684,22.523532244027656,7551.366360260126,40.2328594758643,82.052402955915,6.279729578146099,93.55279081225346,4,8
Waste Reduction,AI automates waste sorting and recycling processes to minimize landfill usage.,6,35.38354449887861,7731.810076755628,28.394149135048224,7921.315453062712,42.046425477007475,33.560007487764366,3.097404051022756,51.5710332390676,10,7
Water Resource Management,AI optimizes water usage and predicts shortages to enhance sustainability.,9,20.112668688227767,6287.019227540091,12.818976059730279,3757.3052461561397,47.99510172006191,97.14745602508624,4.239019764478649,66.59762763244504,4,4
Deforestation Monitoring,AI detects illegal logging and monitors forest health using satellite imagery.,7,29.552681599621614,7713.723351116314,31.017607471367278,3628.4400854965006,59.029663563921915,33.09006350757414,6.542889135399287,70.7649461788933,4,10
Air Quality Prediction,AI models forecast air pollution levels to help mitigate health risks.,10,47.61561859681962,5297.3829749963925,34.68766154996041,9895.175070765175,67.70553194145668,30.087887364177877,6.204067556646733,48.15031303115199,9,4
Wildlife Conservation,AI tracks endangered species and prevents poaching through automated monitoring.,7,23.118654863100566,9037.303986680756,21.331633198557036,7053.394405529321,73.29076393184907,92.67610753264321,3.7526204113222685,76.41411401157924,9,7
Smart Grid Optimization,"AI enhances energy grid management, reducing power outages and waste.",6,34.95320324714124,3111.1127670822507,18.062142142249854,4525.877271855583,35.409239793741726,18.90027318589521,2.180499268794141,56.88176167125158,7,7
Eco-friendly Manufacturing,"AI automates sustainable production methods, reducing industrial emissions.",10,22.085136519578374,5273.065117468196,9.497742945589135,2293.2994177301143,67.90688742251129,59.427873475270836,9.444370754963533,87.69102062260201,9,10
Sustainable Transportation,AI improves urban transport systems for reduced emissions and congestion.,6,34.511776363746975,7210.252871425327,6.5185148251487846,9539.400400222148,36.283281404427235,37.80084029061196,1.6786217959420373,46.8259049295896,4,3
Green Finance,AI helps assess climate risks in investment portfolios for sustainable finance.,7,36.62664607400041,2473.7224600808195,37.05275816933243,2151.0844873706537,85.55899474163735,24.03105912164716,6.186640002621906,94.55478765712789,8,9
Ocean Health Monitoring,AI tracks marine biodiversity and pollution levels to protect ocean ecosystems.,10,19.1256713644105,1791.0890751492338,30.407289865409076,6394.78231562502,40.35796528658182,81.25792672305361,3.2145319540849804,93.34296470289789,10,4
Carbon Capture Optimization,AI enhances carbon capture and storage efficiency to reduce emissions.,7,16.34732693875703,1104.2386078267928,26.565197724209455,9016.150342944893,53.0191156189246,96.06072376361308,3.238558219173397,82.51120042434286,7,3
Renewable Energy Forecasting,AI predicts renewable energy generation to optimize energy grid management.,8,15.296081229751803,4415.665410597188,41.403851572788675,870.1774284775565,86.30270285505134,95.6094155286547,2.7270853068653347,69.29168951353421,9,7
AI in Circular Economy,AI improves recycling processes and waste management for a circular economy.,7,21.390390807366472,2745.1731823914715,33.087568392455466,3851.2589652507713,65.56720190288046,31.014962027416225,9.223250863214906,89.07755337391632,4,4
Sustainable Construction,AI optimizes green building designs and materials for sustainability.,8,25.471215759541906,8399.325744717386,6.899382142536395,1687.761438380116,50.99937633429998,11.407624085337673,4.434362549188091,44.3532365440842,8,3
AI-driven Eco-Tourism,AI helps eco-tourism by managing wildlife impact and optimizing travel routes.,9,44.064184200814424,8289.689351158293,12.33030687233217,888.0601318385714,36.533952102659725,32.05859449662971,2.9107769480197825,67.66053979425246,7,6
AI in Sustainable Retail,AI aids retailers in reducing waste and promoting sustainable product sourcing.,10,21.741499864651217,3174.0911487354233,31.417769401023893,853.1688563930607,57.120788424372435,96.92964320151326,9.995954995561997,53.69229365966132,5,8
AI in Climate Policy Making,AI provides data-driven insights for crafting effective climate policies.,7,49.05022427318681,2984.631265042145,43.093631546910146,2990.81173457409,52.7326479742686,69.37075672658163,6.455009009605877,53.6922693812668,7,10
